name,type,auto_labeling,labeling_method,draft_writing,pricing_min,pricing_paid,unusual_features,platform,team_features,learning_curve,customization
AI Label Assistant (Klart AI),Gmail Add-on,Yes - Primary Feature,ChatGPT/GPT-5 powered AI analysis,Limited,Free plan available,Subscription required (details on website),"Time-driven hourly triggers, Auto-archiving, DPA with OpenAI",Gmail only,Scalable for enterprises,Low,High - custom rules and labels
Superhuman,Email Client,Yes - Auto Labels & Custom Auto Labels with AI,AI-powered automatic categorization,"Yes - Instant Reply, Auto Drafts, Write with AI",$25/user/month (annual),"$30/month (Starter), $40/month (Business), Custom (Enterprise)","Split Inbox, Read receipts, Recent Opens feed, Keyboard-first design, Collision detection",Gmail & Outlook,"Shared Conversations, Team Comments, Team Snippets",Medium - requires onboarding,High - custom auto labels library
Shortwave,Email Client,Yes - AI filters & auto-apply labels,AI-powered filters with custom prompts,"Yes - Personalized Ghostwriter, AI autocomplete","Free (90 days history, basic AI)","$7/month (Personal), $14/month (Pro), $24/month (Business), $36/month (Premier)","AI filters (3-50 depending on plan), Natural language search, AI inbox organization in one click, Bundles, Todos",Gmail only,"Thread sharing, Team comments, Assignees, Shared labels",Low - self-serve,High - custom AI prompts for filters
Clean Email,Email Management Tool,Yes - Auto Clean rules,Rule-based with sender/keyword/size criteria,No,Free trial available,Subscription tiers (check website),"Smart Folders, Unsubscriber, Screener, Privacy Monitor, Keep Newest rule, Action History Summary","Multi-platform (Gmail, Outlook, etc.)",Limited,Low,High - multiple criteria combinations
SaneBox,Email Management Tool,Yes - AI-powered folder routing,Advanced AI learns from behavior,No,$7/month (Snack - 1 account),"$7/month (Snack), $12/month (Lunch), $36/month (Dinner)","SaneNoReply folder, Do Not Disturb, SaneBlackHole, Snooze with reminders, Digest summaries","Multi-platform (Gmail, Outlook, Apple Mail, etc.)",Individual accounts only,Low - automatic learning,Medium - folder-based system
Gmelius,Gmail Enhancement Suite,Yes - AI-powered auto-tagging,AI analyzes first message for context,Yes - AI Email Reply Assistant,$10/user/month (Lite),"$10/month (Lite), $24/month (Growth), $36/month (Pro)","Kanban boards in Gmail, Shared inbox management, Email sequences, Meeting scheduler, CRM integration",Gmail/Google Workspace,"Extensive - shared inboxes, collaboration tools",Medium,High - workflow automation rules
Gmail Gemini AI (Native),Built-in Feature,Yes - Tabbed Inbox with ML,Neural network + heuristic algorithms,"Yes - Help me write, Smart Compose, Smart Reply",Free (Basic),"Free basic, Advanced with Google Workspace","Summary Cards, Nudging, Most Relevant search, Native Google integration",Gmail only,Google Workspace features,Very Low - built-in,Low - limited control
Lindy AI,AI Automation Platform,Yes - Custom AI workflows,AI agents with natural language instructions,Yes - Context-aware AI drafting,Check website,Subscription-based,"Multi-agent collaboration, Email negotiation, CRM integration, Lead intent detection, No-code workflow builder",Gmail & multi-platform integrations,Team workflows,Medium - workflow setup,Very High - custom agent instructions
n8n + AI (Self-hosted),Workflow Automation,Yes - Fully customizable AI labeling,OpenAI/Gemini/Claude + custom prompts,Yes - customizable,Free (self-hosted),Free (self-host) or Cloud plans,"Complete customization, Knowledge graph building, Self-hosted option, Multiple AI model support, Open source",Gmail + 400+ integrations,Depends on setup,High - technical setup required,Maximum - full code control
Zapier + AI,Automation Platform,Yes - AI-powered categorization,ChatGPT integration with custom prompts,Yes - AI-generated responses,Free tier (limited),Tiered pricing based on tasks,"5000+ app integrations, AI Email Assistant templates, Zapier Tables for logging",Gmail + massive ecosystem,Team accounts available,Medium - visual workflow builder,Very High - unlimited workflows
GenFuse AI,AI Workflow Builder,Yes - AI content-based labeling,AI reads content and applies labels,Yes - auto-reply/draft generation,Check website,Subscription-based,"AI Copilot for workflow creation, Multi-step workflows, LLM calls, PDF OCR, Image analysis nodes",Gmail + multi-app integration,Available,Medium,Very High - AI nodes
Hey Email,Email Service,"Yes - The Screener, Feed, Paper Trail",Manual screening + automatic categorization,Limited,$99/year,"$99/year (personal), $12/user/month (business)","The Screener (email approval), Paper Trail for receipts, The Feed for newsletters, Spy tracker blocking, Built-in workflows",Standalone (@hey.com domain),"Thread sharing, Private team comments",Medium - different paradigm,Low - opinionated design
Canary Mail,Email Client,Yes - AI Smart Filters,Machine learning based on user behavior,Yes - Generative AI Email Writer,Free plan available,Subscription tiers,"End-to-end encryption, On-device AI processing, Smart Bulk Cleaner, Privacy-focused, Unified inbox","Multi-platform (iOS, Android, Mac, Windows)",Limited,Low,High - learns from usage
Jeeva Smart Inbox AI,AI Inbox Assistant,Yes - Auto-categorization,AI intent detection and lead scoring,Yes - Context-aware replies,Check website,Business-focused pricing,"Lead intent detection, Follow-up automation, CRM integration (HubSpot, Zoho, Salesforce), Auto-folder creation",Gmail & Outlook,Yes - unified inbox,Low,High - smart rules
Mailmeteor AI Writer,Gmail Add-on,No - Focus on sending,N/A,Yes - Primary feature,Free (50 emails/day),"$9.99/month (Premium), $24.99/month (Pro), $49.99/month (Business)","Mass personalized campaigns, Mail merge, Email tracking, Analytics",Gmail,Team features in higher tiers,Low,High for campaigns
